use hds;

INSERT INTO avail VALUES (4, 2, 'bfriedma', 'R', '08:00:00', '19:00:00', NULL);
INSERT INTO avail VALUES (3, 2, 'bfriedma', 'T', '08:00:00', '19:00:00', NULL);
INSERT INTO avail VALUES (5, 3, 'bfriedma', 'M', '08:00:00', '12:00:00', NULL);
INSERT INTO avail VALUES (6, 3, 'bfriedma', 'T', '08:00:00', '12:00:00', NULL);
INSERT INTO avail VALUES (7, 3, 'bfriedma', 'W', '08:00:00', '12:00:00', NULL);
INSERT INTO avail VALUES (8, 3, 'bfriedma', 'R', '08:00:00', '12:00:00', NULL);
INSERT INTO avail VALUES (9, 3, 'bfriedma', 'F', '08:00:00', '12:00:00', NULL);
INSERT INTO avail VALUES (10, 2, 'bgladwel', 'F', '08:00:00', '19:00:00', NULL);
INSERT INTO avail VALUES (11, 3, 'bgladwel', 'M', '08:00:00', '12:00:00', NULL);
INSERT INTO avail VALUES (12, 3, 'bgladwel', 'T', '12:00:00', '19:00:00', NULL);
INSERT INTO avail VALUES (13, 3, 'bgladwel', 'W', '08:00:00', '12:00:00', NULL);
INSERT INTO avail VALUES (14, 3, 'bgladwel', 'R', '12:00:00', '19:00:00', NULL);
INSERT INTO avail VALUES (15, 3, 'bgladwel', 'F', '08:00:00', '12:00:00', NULL);
INSERT INTO avail VALUES (16, 3, 'jcowgill', 'M', '08:00:00', '19:00:00', NULL);
INSERT INTO avail VALUES (17, 3, 'jcowgill', 'W', '08:00:00', '19:00:00', NULL);
INSERT INTO avail VALUES (18, 3, 'jcowgill', 'F', '08:00:00', '19:00:00', NULL);
INSERT INTO avail VALUES (19, 2, 'jmcknigh', 'M', '08:00:00', '12:00:00', NULL);
INSERT INTO avail VALUES (20, 2, 'jmcknigh', 'T', '08:00:00', '12:00:00', NULL);
INSERT INTO avail VALUES (21, 2, 'jmcknigh', 'W', '08:00:00', '12:00:00', NULL);
INSERT INTO avail VALUES (22, 2, 'jmcknigh', 'R', '08:00:00', '12:00:00', NULL);
INSERT INTO avail VALUES (23, 2, 'jmcknigh', 'F', '08:00:00', '12:00:00', NULL);
INSERT INTO avail VALUES (24, 3, 'jmcknigh', 'W', '08:00:00', '19:00:00', NULL);
INSERT INTO avail VALUES (25, 2, 'sweston', 'M', '17:00:00', '19:00:00', NULL);
INSERT INTO avail VALUES (26, 2, 'sweston', 'T', '17:00:00', '19:00:00', NULL);
INSERT INTO avail VALUES (27, 2, 'sweston', 'W', '17:00:00', '19:00:00', NULL);
INSERT INTO avail VALUES (28, 2, 'sweston', 'R', '17:00:00', '19:00:00', NULL);
INSERT INTO avail VALUES (29, 2, 'sweston', 'F', '17:00:00', '19:00:00', NULL);
INSERT INTO avail VALUES (30, 3, 'sweston', 'W', '08:00:00', '19:00:00', NULL);
INSERT INTO avail VALUES (31, 2, 'ahipp', 'R', '08:00:00', '19:00:00', NULL);
INSERT INTO avail VALUES (32, 2, 'ahipp', 'F', '08:00:00', '19:00:00', NULL);
INSERT INTO avail VALUES (33, 3, 'ahipp', 'M', '08:00:00', '10:00:00', NULL);
INSERT INTO avail VALUES (34, 3, 'ahipp', 'T', '10:00:00', '14:00:00', NULL);
INSERT INTO avail VALUES (35, 3, 'ahipp', 'T', '15:00:00', '19:00:00', NULL);
INSERT INTO avail VALUES (36, 3, 'ahipp', 'W', '08:00:00', '10:00:00', NULL);
INSERT INTO avail VALUES (37, 3, 'ahipp', 'R', '10:00:00', '14:00:00', NULL);
INSERT INTO avail VALUES (38, 3, 'ahipp', 'R', '15:00:00', '19:00:00', NULL);
INSERT INTO avail VALUES (39, 3, 'ahipp', 'F', '08:00:00', '10:00:00', NULL);
INSERT INTO avail VALUES (40, 2, 'amcohen', 'W', '08:00:00', '19:00:00', NULL);
INSERT INTO avail VALUES (41, 2, 'amcohen', 'R', '08:00:00', '19:00:00', NULL);
INSERT INTO avail VALUES (42, 3, 'amcohen', 'M', '08:00:00', '19:00:00', NULL);
INSERT INTO avail VALUES (43, 3, 'amcohen', 'F', '08:00:00', '19:00:00', NULL);
INSERT INTO avail VALUES (44, 2, 'atongtry', 'T', '08:00:00', '19:00:00', NULL);
INSERT INTO avail VALUES (45, 2, 'atongtry', 'W', '08:00:00', '19:00:00', NULL);
INSERT INTO avail VALUES (46, 2, 'atongtry', 'R', '08:00:00', '19:00:00', NULL);
INSERT INTO avail VALUES (47, 3, 'atongtry', 'T', '08:00:00', '19:00:00', NULL);
INSERT INTO avail VALUES (48, 3, 'atongtry', 'R', '08:00:00', '19:00:00', NULL);
INSERT INTO avail VALUES (49, 3, 'bbenson', 'W', '08:00:00', '19:00:00', NULL);
INSERT INTO avail VALUES (50, 3, 'bbenson', 'R', '08:00:00', '19:00:00', NULL);
INSERT INTO avail VALUES (51, 2, 'bcheung', 'T', '08:00:00', '19:00:00', NULL);
INSERT INTO avail VALUES (52, 2, 'bcheung', 'R', '08:00:00', '19:00:00', NULL);
INSERT INTO avail VALUES (53, 2, 'kboutter', 'M', '08:00:00', '12:00:00', NULL);
INSERT INTO avail VALUES (54, 2, 'kboutter', 'T', '08:00:00', '12:00:00', NULL);
INSERT INTO avail VALUES (55, 2, 'kboutter', 'W', '08:00:00', '12:00:00', NULL);
INSERT INTO avail VALUES (56, 2, 'kboutter', 'R', '08:00:00', '12:00:00', NULL);
INSERT INTO avail VALUES (57, 2, 'kboutter', 'F', '08:00:00', '12:00:00', NULL);
INSERT INTO avail VALUES (58, 3, 'kboutter', 'M', '08:00:00', '12:00:00', NULL);
INSERT INTO avail VALUES (59, 3, 'kboutter', 'T', '08:00:00', '19:00:00', NULL);
INSERT INTO avail VALUES (60, 3, 'kboutter', 'W', '08:00:00', '12:00:00', NULL);
INSERT INTO avail VALUES (61, 3, 'kboutter', 'R', '08:00:00', '19:00:00', NULL);
INSERT INTO avail VALUES (62, 3, 'kboutter', 'F', '08:00:00', '12:00:00', NULL);


INSERT INTO default_rules VALUES (3, '08:00:00', '10:00:00', 2, 3, 2, 1);
INSERT INTO default_rules VALUES (4, '10:00:00', '14:00:00', 4, 6, 3, 2);
INSERT INTO default_rules VALUES (5, '14:00:00', '17:00:00', 3, 5, 2, 1);
INSERT INTO default_rules VALUES (6, '17:00:00', '19:00:00', 1, 1, 1, 0);


INSERT INTO desired VALUES (2, 'bfriedma', 15, 25);
INSERT INTO desired VALUES (3, 'bfriedma', 15, 25);
INSERT INTO desired VALUES (2, 'bgladwel', 10, 15);
INSERT INTO desired VALUES (3, 'bgladwel', 15, 20);
INSERT INTO desired VALUES (2, 'jcowgill', 10, 20);
INSERT INTO desired VALUES (3, 'jcowgill', 15, 20);
INSERT INTO desired VALUES (2, 'jmcknigh', 12, 17);
INSERT INTO desired VALUES (3, 'jmcknigh', 10, 20);
INSERT INTO desired VALUES (2, 'sweston', 15, 20);
INSERT INTO desired VALUES (3, 'sweston', 20, 20);
INSERT INTO desired VALUES (2, 'ahipp', 5, 10);
INSERT INTO desired VALUES (3, 'ahipp', 10, 15);
INSERT INTO desired VALUES (2, 'amcohen', 14, 16);
INSERT INTO desired VALUES (3, 'amcohen', 15, 20);
INSERT INTO desired VALUES (2, 'atongtry', 3, 5);
INSERT INTO desired VALUES (3, 'atongtry', 10, 20);
INSERT INTO desired VALUES (2, 'bbenson', 18, 20);
INSERT INTO desired VALUES (3, 'bbenson', 15, 20);
INSERT INTO desired VALUES (2, 'bcheung', 18, 20);
INSERT INTO desired VALUES (3, 'bcheung', 10, 15);
INSERT INTO desired VALUES (2, 'kboutter', 5, 15);
INSERT INTO desired VALUES (3, 'kboutter', 10, 15);


INSERT INTO master VALUES ('M', 1, 1, 'bbenson', '08:00:00', '10:00:00');
INSERT INTO master VALUES ('M', 1, 1, 'bcheung', '08:00:00', '10:00:00');
INSERT INTO master VALUES ('M', 1, 1, 'bfriedma', '09:00:00', '14:00:00');
INSERT INTO master VALUES ('M', 1, 1, 'bgladwel', '10:00:00', '14:00:00');
INSERT INTO master VALUES ('M', 1, 1, 'dhannig', '11:00:00', '14:00:00');
INSERT INTO master VALUES ('M', 1, 1, 'dpersek', '10:00:00', '12:00:00');
INSERT INTO master VALUES ('M', 1, 1, 'jmcknigh', '10:00:00', '12:00:00');
INSERT INTO master VALUES ('M', 1, 1, 'bbenson', '12:00:00', '13:00:00');
INSERT INTO master VALUES ('M', 1, 1, 'bcheung', '13:00:00', '15:00:00');
INSERT INTO master VALUES ('M', 1, 1, 'sweston', '14:00:00', '16:00:00');
INSERT INTO master VALUES ('M', 1, 1, 'bfriedma', '15:00:00', '16:00:00');
INSERT INTO master VALUES ('M', 1, 1, 'atongtry', '16:00:00', '17:00:00');
INSERT INTO master VALUES ('M', 1, 1, 'jmcknigh', '16:00:00', '17:00:00');
INSERT INTO master VALUES ('M', 1, 1, 'kboutter', '17:00:00', '19:00:00');
INSERT INTO master VALUES ('M', 2, 1, 'bbenson', '08:00:00', '10:00:00');
INSERT INTO master VALUES ('M', 2, 1, 'bcheung', '08:00:00', '10:00:00');
INSERT INTO master VALUES ('M', 2, 1, 'bfriedma', '09:00:00', '14:00:00');
INSERT INTO master VALUES ('M', 2, 1, 'bgladwel', '10:00:00', '14:00:00');
INSERT INTO master VALUES ('M', 2, 1, 'dhannig', '11:00:00', '14:00:00');
INSERT INTO master VALUES ('M', 2, 1, 'dpersek', '10:00:00', '12:00:00');
INSERT INTO master VALUES ('M', 2, 1, 'jmcknigh', '10:00:00', '12:00:00');
INSERT INTO master VALUES ('M', 2, 1, 'bbenson', '12:00:00', '13:00:00');
INSERT INTO master VALUES ('M', 2, 1, 'bcheung', '13:00:00', '15:00:00');
INSERT INTO master VALUES ('M', 2, 1, 'sweston', '14:00:00', '16:00:00');
INSERT INTO master VALUES ('M', 2, 1, 'bfriedma', '15:00:00', '16:00:00');
INSERT INTO master VALUES ('M', 2, 1, 'atongtry', '16:00:00', '17:00:00');
INSERT INTO master VALUES ('M', 2, 1, 'jmcknigh', '16:00:00', '17:00:00');
INSERT INTO master VALUES ('M', 2, 1, 'kboutter', '17:00:00', '19:00:00');
INSERT INTO master VALUES ('T', 1, 1, 'sweston', '08:00:00', '16:00:00');
INSERT INTO master VALUES ('T', 1, 1, 'bgladwel', '08:00:00', '10:00:00');
INSERT INTO master VALUES ('T', 1, 1, 'bfriedma', '09:00:00', '14:00:00');
INSERT INTO master VALUES ('T', 1, 1, 'jcowgill', '09:00:00', '13:00:00');
INSERT INTO master VALUES ('T', 1, 1, 'mguggemo', '10:00:00', '15:00:00');
INSERT INTO master VALUES ('T', 1, 1, 'dhannig', '10:00:00', '12:00:00');
INSERT INTO master VALUES ('T', 1, 1, 'atongtry', '10:00:00', '14:00:00');
INSERT INTO master VALUES ('T', 1, 1, 'kng', '10:00:00', '14:00:00');
INSERT INTO master VALUES ('T', 1, 1, 'bgladwel', '12:00:00', '17:00:00');
INSERT INTO master VALUES ('T', 1, 1, 'kboutter', '13:00:00', '15:00:00');
INSERT INTO master VALUES ('T', 1, 1, 'bbenson', '14:00:00', '17:00:00');
INSERT INTO master VALUES ('T', 1, 1, 'bcheung', '15:00:00', '17:00:00');
INSERT INTO master VALUES ('T', 1, 1, 'kboutter', '17:00:00', '19:00:00');
INSERT INTO master VALUES ('T', 2, 1, 'sweston', '08:00:00', '16:00:00');
INSERT INTO master VALUES ('T', 2, 1, 'bgladwel', '08:00:00', '10:00:00');
INSERT INTO master VALUES ('T', 2, 1, 'bfriedma', '09:00:00', '14:00:00');
INSERT INTO master VALUES ('T', 2, 1, 'jcowgill', '09:00:00', '13:00:00');
INSERT INTO master VALUES ('T', 2, 1, 'mguggemo', '10:00:00', '15:00:00');
INSERT INTO master VALUES ('T', 2, 1, 'dhannig', '10:00:00', '12:00:00');
INSERT INTO master VALUES ('T', 2, 1, 'atongtry', '10:00:00', '14:00:00');
INSERT INTO master VALUES ('T', 2, 1, 'kng', '10:00:00', '14:00:00');
INSERT INTO master VALUES ('T', 2, 1, 'bgladwel', '12:00:00', '17:00:00');
INSERT INTO master VALUES ('T', 2, 1, 'kboutter', '13:00:00', '15:00:00');
INSERT INTO master VALUES ('T', 2, 1, 'bbenson', '14:00:00', '17:00:00');
INSERT INTO master VALUES ('T', 2, 1, 'bcheung', '15:00:00', '17:00:00');
INSERT INTO master VALUES ('T', 2, 1, 'kboutter', '17:00:00', '19:00:00');
INSERT INTO master VALUES ('W', 1, 1, 'amcohen', '08:00:00', '10:00:00');
INSERT INTO master VALUES ('W', 1, 1, 'jmcknigh', '08:00:00', '10:00:00');
INSERT INTO master VALUES ('W', 1, 1, 'atongtry', '08:00:00', '09:00:00');
INSERT INTO master VALUES ('W', 1, 1, 'bgladwel', '10:00:00', '14:00:00');
INSERT INTO master VALUES ('W', 1, 1, 'ahipp', '10:00:00', '12:00:00');
INSERT INTO master VALUES ('W', 1, 1, 'dpersek', '10:00:00', '12:00:00');
INSERT INTO master VALUES ('W', 1, 1, 'jmcknigh', '11:00:00', '14:00:00');
INSERT INTO master VALUES ('W', 1, 1, 'dhannig', '11:00:00', '14:00:00');
INSERT INTO master VALUES ('W', 1, 1, 'ahipp', '13:00:00', '15:00:00');
INSERT INTO master VALUES ('W', 1, 1, 'amcohen', '14:00:00', '16:00:00');
INSERT INTO master VALUES ('W', 1, 1, 'jmcknigh', '16:00:00', '17:00:00');
INSERT INTO master VALUES ('W', 1, 1, 'atongtry', '16:00:00', '17:00:00');
INSERT INTO master VALUES ('W', 1, 1, 'kboutter', '17:00:00', '19:00:00');
INSERT INTO master VALUES ('W', 2, 1, 'amcohen', '08:00:00', '10:00:00');
INSERT INTO master VALUES ('W', 2, 1, 'jmcknigh', '08:00:00', '10:00:00');
INSERT INTO master VALUES ('W', 2, 1, 'atongtry', '08:00:00', '09:00:00');
INSERT INTO master VALUES ('W', 2, 1, 'bgladwel', '10:00:00', '14:00:00');
INSERT INTO master VALUES ('W', 2, 1, 'ahipp', '10:00:00', '12:00:00');
INSERT INTO master VALUES ('W', 2, 1, 'dpersek', '10:00:00', '12:00:00');
INSERT INTO master VALUES ('W', 2, 1, 'jmcknigh', '11:00:00', '14:00:00');
INSERT INTO master VALUES ('W', 2, 1, 'dhannig', '11:00:00', '14:00:00');
INSERT INTO master VALUES ('W', 2, 1, 'ahipp', '13:00:00', '15:00:00');
INSERT INTO master VALUES ('W', 2, 1, 'amcohen', '14:00:00', '16:00:00');
INSERT INTO master VALUES ('W', 2, 1, 'jmcknigh', '16:00:00', '17:00:00');
INSERT INTO master VALUES ('W', 2, 1, 'atongtry', '16:00:00', '17:00:00');
INSERT INTO master VALUES ('W', 2, 1, 'kboutter', '17:00:00', '19:00:00');
INSERT INTO master VALUES ('R', 1, 1, 'bgladwel', '08:00:00', '10:00:00');
INSERT INTO master VALUES ('R', 1, 1, 'sweston', '08:00:00', '16:00:00');
INSERT INTO master VALUES ('R', 1, 1, 'bfriedma', '09:00:00', '14:00:00');
INSERT INTO master VALUES ('R', 1, 1, 'jcowgill', '09:00:00', '14:00:00');
INSERT INTO master VALUES ('R', 1, 1, 'kng', '10:00:00', '14:00:00');
INSERT INTO master VALUES ('R', 1, 1, 'bgladwel', '11:00:00', '15:00:00');
INSERT INTO master VALUES ('R', 1, 1, 'atongtry', '09:00:00', '12:00:00');
INSERT INTO master VALUES ('R', 1, 1, 'kboutter', '13:00:00', '15:00:00');
INSERT INTO master VALUES ('R', 1, 1, 'ahipp', '15:00:00', '17:00:00');
INSERT INTO master VALUES ('R', 1, 1, 'atongtry', '15:00:00', '17:00:00');
INSERT INTO master VALUES ('R', 1, 1, 'dhannig', '15:00:00', '17:00:00');
INSERT INTO master VALUES ('R', 1, 1, 'bbenson', '17:00:00', '19:00:00');
INSERT INTO master VALUES ('R', 2, 1, 'bgladwel', '08:00:00', '10:00:00');
INSERT INTO master VALUES ('R', 2, 1, 'sweston', '08:00:00', '16:00:00');
INSERT INTO master VALUES ('R', 2, 1, 'bfriedma', '09:00:00', '14:00:00');
INSERT INTO master VALUES ('R', 2, 1, 'jcowgill', '09:00:00', '14:00:00');
INSERT INTO master VALUES ('R', 2, 1, 'kng', '10:00:00', '14:00:00');
INSERT INTO master VALUES ('R', 2, 1, 'bgladwel', '11:00:00', '15:00:00');
INSERT INTO master VALUES ('R', 2, 1, 'atongtry', '09:00:00', '12:00:00');
INSERT INTO master VALUES ('R', 2, 1, 'kboutter', '13:00:00', '15:00:00');
INSERT INTO master VALUES ('R', 2, 1, 'ahipp', '15:00:00', '17:00:00');
INSERT INTO master VALUES ('R', 2, 1, 'atongtry', '15:00:00', '17:00:00');
INSERT INTO master VALUES ('R', 2, 1, 'dhannig', '15:00:00', '17:00:00');
INSERT INTO master VALUES ('R', 2, 1, 'bbenson', '17:00:00', '19:00:00');
INSERT INTO master VALUES ('F', 1, 1, 'jcowgill', '08:00:00', '14:00:00');
INSERT INTO master VALUES ('F', 1, 1, 'bcheung', '08:00:00', '11:00:00');
INSERT INTO master VALUES ('F', 1, 1, 'amcohen', '09:00:00', '14:00:00');
INSERT INTO master VALUES ('F', 1, 1, 'bfriedma', '09:00:00', '14:00:00');
INSERT INTO master VALUES ('F', 1, 1, 'dpersek', '10:00:00', '12:00:00');
INSERT INTO master VALUES ('F', 1, 1, 'kboutter', '11:00:00', '13:00:00');
INSERT INTO master VALUES ('F', 1, 1, 'bbenson', '12:00:00', '16:00:00');
INSERT INTO master VALUES ('F', 1, 1, 'bcheung', '14:00:00', '16:00:00');
INSERT INTO master VALUES ('F', 1, 1, 'amcohen', '15:00:00', '17:00:00');
INSERT INTO master VALUES ('F', 1, 1, 'atongtry', '16:00:00', '17:00:00');
INSERT INTO master VALUES ('F', 1, 1, 'kboutter', '17:00:00', '19:00:00');
INSERT INTO master VALUES ('F', 2, 1, 'jcowgill', '08:00:00', '14:00:00');
INSERT INTO master VALUES ('F', 2, 1, 'bcheung', '08:00:00', '11:00:00');
INSERT INTO master VALUES ('F', 2, 1, 'amcohen', '09:00:00', '14:00:00');
INSERT INTO master VALUES ('F', 2, 1, 'bfriedma', '09:00:00', '14:00:00');
INSERT INTO master VALUES ('F', 2, 1, 'dpersek', '10:00:00', '12:00:00');
INSERT INTO master VALUES ('F', 2, 1, 'kboutter', '11:00:00', '13:00:00');
INSERT INTO master VALUES ('F', 2, 1, 'bbenson', '12:00:00', '16:00:00');
INSERT INTO master VALUES ('F', 2, 1, 'bcheung', '14:00:00', '16:00:00');
INSERT INTO master VALUES ('F', 2, 1, 'amcohen', '15:00:00', '17:00:00');
INSERT INTO master VALUES ('F', 2, 1, 'atongtry', '16:00:00', '17:00:00');
INSERT INTO master VALUES ('F', 2, 1, 'kboutter', '17:00:00', '19:00:00');


INSERT INTO prefer VALUES (4, 2, 'bfriedma', 'W', '09:00:00', '17:00:00');
INSERT INTO prefer VALUES (3, 2, 'bfriedma', 'M', '09:00:00', '17:00:00');
INSERT INTO prefer VALUES (5, 2, 'bfriedma', 'F', '09:00:00', '17:00:00');
INSERT INTO prefer VALUES (6, 3, 'bfriedma', 'M', '12:00:00', '17:00:00');
INSERT INTO prefer VALUES (7, 3, 'bfriedma', 'T', '12:00:00', '17:00:00');
INSERT INTO prefer VALUES (8, 3, 'bfriedma', 'W', '12:00:00', '17:00:00');
INSERT INTO prefer VALUES (9, 3, 'bfriedma', 'R', '12:00:00', '17:00:00');
INSERT INTO prefer VALUES (10, 3, 'bfriedma', 'F', '12:00:00', '17:00:00');
INSERT INTO prefer VALUES (11, 2, 'bgladwel', 'M', '14:00:00', '17:00:00');
INSERT INTO prefer VALUES (12, 2, 'bgladwel', 'T', '14:00:00', '17:00:00');
INSERT INTO prefer VALUES (13, 2, 'bgladwel', 'W', '14:00:00', '17:00:00');
INSERT INTO prefer VALUES (14, 2, 'bgladwel', 'R', '14:00:00', '17:00:00');
INSERT INTO prefer VALUES (15, 3, 'bgladwel', 'M', '12:00:00', '17:00:00');
INSERT INTO prefer VALUES (16, 3, 'bgladwel', 'T', '08:00:00', '12:00:00');
INSERT INTO prefer VALUES (17, 3, 'bgladwel', 'W', '12:00:00', '17:00:00');
INSERT INTO prefer VALUES (18, 3, 'bgladwel', 'R', '08:00:00', '12:00:00');
INSERT INTO prefer VALUES (19, 2, 'jcowgill', 'M', '12:00:00', '15:00:00');
INSERT INTO prefer VALUES (20, 2, 'jcowgill', 'T', '12:00:00', '15:00:00');
INSERT INTO prefer VALUES (21, 2, 'jcowgill', 'W', '12:00:00', '15:00:00');
INSERT INTO prefer VALUES (22, 2, 'jcowgill', 'R', '12:00:00', '15:00:00');
INSERT INTO prefer VALUES (23, 2, 'jcowgill', 'F', '12:00:00', '15:00:00');
INSERT INTO prefer VALUES (24, 3, 'jcowgill', 'T', '08:00:00', '17:00:00');
INSERT INTO prefer VALUES (25, 3, 'jcowgill', 'R', '08:00:00', '17:00:00');
INSERT INTO prefer VALUES (26, 3, 'jmcknigh', 'M', '09:00:00', '14:00:00');
INSERT INTO prefer VALUES (27, 3, 'jmcknigh', 'T', '09:00:00', '14:00:00');
INSERT INTO prefer VALUES (28, 3, 'jmcknigh', 'R', '09:00:00', '14:00:00');
INSERT INTO prefer VALUES (29, 3, 'jmcknigh', 'F', '09:00:00', '14:00:00');
INSERT INTO prefer VALUES (30, 2, 'sweston', 'T', '08:00:00', '17:00:00');
INSERT INTO prefer VALUES (31, 2, 'sweston', 'R', '08:00:00', '17:00:00');
INSERT INTO prefer VALUES (32, 3, 'sweston', 'M', '12:00:00', '17:00:00');
INSERT INTO prefer VALUES (33, 3, 'sweston', 'T', '12:00:00', '17:00:00');
INSERT INTO prefer VALUES (34, 3, 'sweston', 'R', '12:00:00', '17:00:00');
INSERT INTO prefer VALUES (35, 3, 'sweston', 'F', '12:00:00', '17:00:00');
INSERT INTO prefer VALUES (36, 2, 'ahipp', 'M', '13:00:00', '16:00:00');
INSERT INTO prefer VALUES (37, 2, 'ahipp', 'T', '13:00:00', '16:00:00');
INSERT INTO prefer VALUES (38, 2, 'ahipp', 'W', '13:00:00', '16:00:00');
INSERT INTO prefer VALUES (39, 2, 'amcohen', 'M', '10:00:00', '17:00:00');
INSERT INTO prefer VALUES (40, 2, 'amcohen', 'T', '10:00:00', '17:00:00');
INSERT INTO prefer VALUES (41, 3, 'amcohen', 'T', '09:00:00', '15:00:00');
INSERT INTO prefer VALUES (42, 3, 'amcohen', 'W', '09:00:00', '15:00:00');
INSERT INTO prefer VALUES (43, 3, 'amcohen', 'R', '09:00:00', '15:00:00');
INSERT INTO prefer VALUES (44, 2, 'atongtry', 'M', '10:00:00', '14:00:00');
INSERT INTO prefer VALUES (45, 3, 'atongtry', 'M', '10:00:00', '15:00:00');
INSERT INTO prefer VALUES (46, 3, 'atongtry', 'W', '10:00:00', '15:00:00');
INSERT INTO prefer VALUES (47, 3, 'atongtry', 'F', '10:00:00', '15:00:00');
INSERT INTO prefer VALUES (48, 2, 'bbenson', 'M', '08:00:00', '14:00:00');
INSERT INTO prefer VALUES (49, 2, 'bbenson', 'W', '08:00:00', '14:00:00');
INSERT INTO prefer VALUES (50, 2, 'bbenson', 'F', '08:00:00', '14:00:00');
INSERT INTO prefer VALUES (51, 3, 'bbenson', 'M', '11:00:00', '17:00:00');
INSERT INTO prefer VALUES (52, 3, 'bbenson', 'T', '11:00:00', '17:00:00');
INSERT INTO prefer VALUES (53, 3, 'bbenson', 'F', '11:00:00', '17:00:00');
INSERT INTO prefer VALUES (54, 2, 'bcheung', 'M', '10:00:00', '16:00:00');
INSERT INTO prefer VALUES (55, 2, 'bcheung', 'W', '10:00:00', '16:00:00');
INSERT INTO prefer VALUES (56, 2, 'bcheung', 'F', '08:00:00', '14:00:00');
INSERT INTO prefer VALUES (57, 3, 'bcheung', 'T', '12:00:00', '17:00:00');
INSERT INTO prefer VALUES (58, 3, 'bcheung', 'W', '12:00:00', '17:00:00');
INSERT INTO prefer VALUES (59, 3, 'bcheung', 'R', '12:00:00', '17:00:00');
INSERT INTO prefer VALUES (60, 2, 'kboutter', 'M', '17:00:00', '19:00:00');
INSERT INTO prefer VALUES (61, 2, 'kboutter', 'T', '17:00:00', '19:00:00');
INSERT INTO prefer VALUES (62, 2, 'kboutter', 'W', '17:00:00', '19:00:00');
INSERT INTO prefer VALUES (63, 2, 'kboutter', 'R', '13:00:00', '19:00:00');
INSERT INTO prefer VALUES (64, 3, 'kboutter', 'M', '14:00:00', '19:00:00');
INSERT INTO prefer VALUES (65, 3, 'kboutter', 'W', '14:00:00', '19:00:00');
INSERT INTO prefer VALUES (66, 3, 'kboutter', 'F', '14:00:00', '19:00:00');


INSERT INTO roles VALUES ('admin', 'A');
INSERT INTO roles VALUES ('ahipp', 'S');
INSERT INTO roles VALUES ('amcohen', 'S');
INSERT INTO roles VALUES ('atongtry', 'S');
INSERT INTO roles VALUES ('bbenson', 'S');
INSERT INTO roles VALUES ('bcheung', 'S');
INSERT INTO roles VALUES ('bfriedma', 'L');
INSERT INTO roles VALUES ('bgladwel', 'L');
INSERT INTO roles VALUES ('dhannig', 'S');
INSERT INTO roles VALUES ('dpersek', 'S');
INSERT INTO roles VALUES ('jcowgill', 'L');
INSERT INTO roles VALUES ('jmcknigh', 'L');
INSERT INTO roles VALUES ('kboutter', 'S');
INSERT INTO roles VALUES ('kng', 'S');
INSERT INTO roles VALUES ('mguggemo', 'S');
INSERT INTO roles VALUES ('sweston', 'L');


INSERT INTO rules VALUES (1, 3, '08:00:00', '17:00:00', 2, 6, 2, 1);
INSERT INTO rules VALUES (2, 3, '17:00:00', '19:00:00', 1, 1, 1, 0);


INSERT INTO schedules VALUES (1, 'Spring 2003', '2003-05-25', '2003-06-06', 'T');
INSERT INTO schedules VALUES (2, 'Summer 2003', '2003-06-16', '2003-06-20', 'T');
INSERT INTO schedules VALUES (3, 'Fall 2003', '2003-09-08', '2003-09-12', 'F');


INSERT INTO users VALUES ('admin', 'Administrator', NULL, 20030606002121, 20030606002121, '2003-06-06', NULL, 'admin@admin.com', 'MD5('password')', 'T');
INSERT INTO users VALUES ('bfriedma', 'Bryan Friedman', 'Brya', 20030606002121, 20030606002121, '2003-06-06', 1, 'bfriedma@example.com', 'MD5('password')', 'T');
INSERT INTO users VALUES ('jcowgill', 'Joel Cowgill', 'Joel', 20030606002121, 20030606002121, '2003-06-06', 2, 'jcowgill@example.com', 'MD5('password')', 'T');
INSERT INTO users VALUES ('bgladwel', 'Brett Gladwell', 'Bret', 20030606002121, 20030606002121, '2003-06-06', 3, 'bgladwel@example.com', 'MD5('password')', 'T');
INSERT INTO users VALUES ('jmcknigh', 'Jeff McKnight', 'Jeff', 20030606002121, 20030606002121, '2003-06-06', 4, 'jmcknigh@example.com', 'MD5('password')', 'T');
INSERT INTO users VALUES ('sweston', 'Steve Weston', 'Stev', 20030606002121, 20030606002121, '2003-06-06', 5, 'sweston@example.com', 'MD5('password')', 'T');
INSERT INTO users VALUES ('ahipp', 'Adam Hipp', 'Adam', 20030606002121, 20030606002121, '2003-06-06', 6, 'ahipp@example.com', 'MD5('password')', 'T');
INSERT INTO users VALUES ('kboutter', 'Kieshawna Boutte-Reese', 'Kies', 20030606002121, 20030606002121, '2003-06-06', 7, 'kboutter@example.com', 'MD5('password')', 'T');
INSERT INTO users VALUES ('bcheung', 'Brandon Cheung', 'Bran', 20030606002121, 20030606002121, '2003-06-06', 8, 'bcheung@example.com', 'MD5('password')', 'T');
INSERT INTO users VALUES ('bbenson', 'Bridget Benson', 'Brid', 20030606002121, 20030606002121, '2003-06-06', 9, 'bbenson@example.com', 'MD5('password')', 'T');
INSERT INTO users VALUES ('dpersek', 'Dustin Persek', 'Dust', 20030606004836, 20030606002121, '2003-06-06', 10, 'dpersek@example.com', 'MD5('password')', 'F');
INSERT INTO users VALUES ('amcohen', 'Mandy Cohen', 'Mand', 20030606002121, 20030606002121, '2003-06-06', 11, 'amcohen@example.com', 'MD5('password')', 'T');
INSERT INTO users VALUES ('atongtry', 'Annie Tong Try', 'Anni', 20030606002121, 20030606002121, '2003-06-06', 12, 'atongtry@example.com', 'MD5('password')', 'T');
INSERT INTO users VALUES ('dhannig', 'Daniel Hannig', 'Dan', 20030606004836, 20030606002121, '2003-06-06', 13, 'dhannig@example.com', 'MD5('password')', 'F');
INSERT INTO users VALUES ('mguggemo', 'Matt Guggemos', 'Matt', 20030606004836, 20030606002121, '2003-06-06', 14, 'mguggemo@example.com', 'MD5('password')', 'F');
INSERT INTO users VALUES ('kng', 'Kim Ng', 'Kim', 20030606004836, 20030606002121, '2003-06-06', 15, 'kng@example.com', 'MD5('password')', 'F');

